"Provider","EventId","MarketId","SelectionId","MarketType","Handicap","BetType","EventName","MarketName","StartTime"
"sentrybot","35385455","1.255475786","17833948","MATCH_ODDS","0","BACK","Trento v Triestina","Match Odds","2026-03-20 19:30:00"
"sentrybot","35369834","1.255259688","269791","MATCH_ODDS","0","BACK","Amiens v Le Mans","Match Odds","2026-03-20 19:00:00"
"sentrybot","35369829","1.255263007","44797","MATCH_ODDS","0","BACK","Pau FC v Montpellier","Match Odds","2026-03-20 19:00:00"
"sentrybot","35381448","1.255436701","184329","MATCH_ODDS","0","BACK","Derry City v Drogheda United","Match Odds","2026-03-20 19:45:00"
"sentrybot","35377110","1.255370013","2250353","MATCH_ODDS","0","BACK","Huesca v Almeria","Match Odds","2026-03-20 19:30:00"
"sentrybot","35391009","1.255537485","6601846","MATCH_ODDS","0","BACK","Norwich City v West Bromwich Albion","Match Odds","2026-03-20 19:00:00"
"sentrybot","35371776","1.255293311","496950","MATCH_ODDS","0","BACK","Clermont v Red Star","Match Odds","2026-03-20 19:00:00"
"sentrybot","35338098","1.254835669","1141","MATCH_ODDS","0","BACK","Bournemouth v Manchester United","Match Odds","2026-03-20 20:00:00"
"sentrybot","35381238","1.255432419","8942269","MATCH_ODDS","0","BACK","Cambuur Leeuwaarden v Jong AZ Alkmaar","Match Odds","2026-03-20 19:00:00"
"sentrybot","35380205","1.255550982","83920082","MATCH_ODDS","0","BACK","Utah Mammoth v Anaheim Ducks","Moneyline","2026-03-21 02:00:00"
"sentrybot","35378058","1.255409048","719433","MATCH_ODDS","0","BACK","Villanova v Utah State","Moneyline","2026-03-20 20:10:00"
"sentrybot","35381456","1.255436804","3814","ASIAN_HANDICAP","0","BACK","Bohemians v Dundalk","Asian Handicap","2026-03-20 20:00:00"
"sentrybot","35372471","1.255299024","56295","MATCH_ODDS","0","BACK","Preston North End v Stoke City","Match Odds","2026-03-20 20:00:00"
"sentrybot","35374570","1.255326900","6635878","MATCH_ODDS","0","BACK","Motor Lublin v Zaglebie Lubin","Match Odds","2026-03-20 19:30:00"
"sentrybot","35371833","1.255294255","616839","MATCH_ODDS","0","BACK","Estrela da Amadora v Casa Pia","Match Odds","2026-03-20 20:15:00"
"sentrybot","35381459","1.255436971","364471","MATCH_ODDS","0","BACK","Waterford v St Patrick´s Athletic","Match Odds","2026-03-20 19:45:00"
"sentrybot","35381448","1.255436714","298592","ASIAN_HANDICAP","0","BACK","Derry City v Drogheda United","Asian Handicap","2026-03-20 19:45:00"
"sentrybot","35383943","1.255460786","10789913","ASIAN_HANDICAP","0","BACK","Llanelli Town v Cardiff Metropolitan University","Asian Handicap","2026-03-20 19:45:00"
"sentrybot","35391489","1.255548042","12065479","MATCH_ODDS","0","BACK","Obera Tenis Club v Independiente de Oliva","Moneyline","2026-03-21 00:00:00"
"sentrybot","35371833","1.255294265","5851482","FIRST_HALF_GOALS","0","BACK","Estrela da Amadora v Casa Pia","First Half Goals 0.5","2026-03-20 20:15:00"
"sentrybot","35390140","1.255539151","366629","MATCH_ODDS","0","BACK","Tennessee v Miami Ohio","Moneyline","2026-03-20 20:25:00"
"sentrybot","35384500","1.255567540","237492","ASIAN_HANDICAP","0","BACK","Denver Nuggets v Toronto Raptors","Handicap","2026-03-21 01:00:00"
"sentrybot","35381448","1.255436701","298592","MATCH_ODDS","0","BACK","Derry City v Drogheda United","Match Odds","2026-03-20 19:45:00"
"sentrybot","35369914","1.255261778","1193695","MATCH_ODDS","0","BACK","CFR Cluj v Rapid Bucuresti","Match Odds","2026-03-20 19:45:00"
"sentrybot","35369935","1.255545032","392220","MATCH_ODDS","0","BACK","Cobh Ramblers v Bray Wanderers","Match Odds","2026-03-20 19:45:00"
"sentrybot","35395576","1.255587931","1069686","MATCH_ODDS","0","BACK","Universidad de Chile v Deportes La Serena","Match Odds","2026-03-20 21:00:00"
"sentrybot","35374711","1.255329415","26776138","MATCH_ODDS","0","BACK","Asociacion Deportiva Tarma v FBC Melgar","Match Odds","2026-03-20 20:30:00"
"sentrybot","35390140","1.255539151","366629","MATCH_ODDS","0","BACK","Tennessee v Miami Ohio","Moneyline","2026-03-20 20:32:00"
"sentrybot","35387456","1.255505173","2224159","MATCH_ODDS","0","BACK","Daejeon Citizen v Jeonbuk Motors","Match Odds","2026-03-21 05:00:00"
"sentrybot","35351309","1.255291052","36700739","MATCH_ODDS","0","BACK","Auckland FC v Macarthur FC","Match Odds","2026-03-21 02:00:00"
"sentrybot","35383951","1.255461645","8349517","MATCH_ODDS","0","BACK","Paju Citizen v Jeonnam Dragons","Match Odds","2026-03-21 05:00:00"
"sentrybot","35351325","1.255291387","3862627","MATCH_ODDS","0","BACK","Brisbane Roar v Wellington Phoenix","Match Odds","2026-03-21 04:00:00"
"sentrybot","35380209","1.255550685","25600","ASIAN_HANDICAP","0","BACK","Toronto Maple Leafs v Carolina Hurricanes","Handicap","2026-03-20 23:00:00"
"sentrybot","35389890","1.255531366","9948447","MATCH_ODDS","0","BACK","Leones v Internacional de Palmira","Match Odds","2026-03-21 00:00:00"
"sentrybot","35384496","1.255569168","237493","MATCH_ODDS","0","BACK","Detroit Pistons v Golden State Warriors","Moneyline","2026-03-20 23:30:00"
"sentrybot","35375571","1.255337916","23228754","MATCH_ODDS","0","BACK","Henan Songshan Longmen v Wuhan Three Towns","Match Odds","2026-03-21 11:00:00"
"sentrybot","35363232","1.255174646","1213581","ASIAN_HANDICAP","0","BACK","Atletico Tucuman v Gimnasia La Plata","Asian Handicap","2026-03-21 00:00:00"
"sentrybot","35355772","1.255098430","17328211","ASIAN_HANDICAP","0","BACK","San Lorenzo v Deportivo Rincon","Asian Handicap","2026-03-21 00:15:00"
"sentrybot","35380886","1.255431282","7097927","MATCH_ODDS","0","BACK","San Martin De San Juan v San Martin de Tucuman","Match Odds","2026-03-21 00:30:00"
"sentrybot","35393005","1.255555636","42554009","PLAYER_HANDICAP","0","BACK","Carlos Alcaraz v Joao Fonseca","Handicap","2026-03-21 01:00:00"
"sentrybot","35372473","1.255304812","48350","MATCH_ODDS","0","BACK","Blackburn Rovers v Middlesbrough","Match Odds","2026-03-21 12:30:00"
"sentrybot","35393576","1.255571876","5852914","MATCH_ODDS","0","BACK","Blaublitz Akita v Vanraure Hachinohe","Match Odds","2026-03-21 05:00:00"
"sentrybot","35370892","1.255285243","2955487","MATCH_ODDS","0","BACK","Beijing Guoan v Shanghai Shenhua","Match Odds","2026-03-21 07:30:00"
"sentrybot","35376592","1.255358793","30582862","ASIAN_HANDICAP","0","BACK","Mazatlan v Cruz Azul","Asian Handicap","2026-03-21 03:06:00"
"sentrybot","35387397","1.255503019","5851482","FIRST_HALF_GOALS","0","BACK","Fagiano Okayama v V-Varen Nagasaki","First Half Goals 0.5","2026-03-21 05:00:00"
"sentrybot","35387399","1.255502803","5851482","FIRST_HALF_GOALS","0","BACK","Avispa Fukuoka v Gamba Osaka","First Half Goals 0.5","2026-03-21 05:30:00"
"sentrybot","35376592","1.255358793","328204","ASIAN_HANDICAP","0","BACK","Mazatlan v Cruz Azul","Asian Handicap","2026-03-21 03:06:00"
"sentrybot","35351325","1.255291398","2469649","ASIAN_HANDICAP","0","BACK","Brisbane Roar v Wellington Phoenix","Asian Handicap","2026-03-21 04:00:00"
"sentrybot","35351325","1.255291387","2469649","MATCH_ODDS","0","BACK","Brisbane Roar v Wellington Phoenix","Match Odds","2026-03-21 04:00:00"
"sentrybot","35379106","1.255398736","84958475","MATCH_ODDS","0","BACK","Liaoning Tieren v Tianjin Jinmen Tiger","Match Odds","2026-03-21 07:30:00"
"sentrybot","35393573","1.255572146","13432059","MATCH_ODDS","0","BACK","Nagano Parceiro v Iwaki FC","Match Odds","2026-03-21 05:00:00"
"sentrybot","35387456","1.255505173","5352230","MATCH_ODDS","0","BACK","Daejeon Citizen v Jeonbuk Motors","Match Odds","2026-03-21 05:00:00"
"sentrybot","35379109","1.255395058","55903803","MATCH_ODDS","0","BACK","Chongqing Tonglianglong v Chengdu Rongcheng","Match Odds","2026-03-21 11:35:00"
"sentrybot","35394263","1.255584601","5154595","ASIAN_HANDICAP","0","BACK","Goyang Skygunners v Mobis Phoebus","Handicap","2026-03-21 05:00:00"
"sentrybot","35371224","1.255292232","61640820","MATCH_ODDS","0","BACK","Perth Glory v Central Coast Mariners","Match Odds","2026-03-21 06:00:00"
"sentrybot","35349743","1.255010710","6555433","MATCH_ODDS","0","BACK","Wolfsburg v Werder Bremen","Match Odds","2026-03-21 14:30:00"
"sentrybot","35375573","1.255337821","55896077","ASIAN_HANDICAP","0","BACK","Yunnan Yukun v Shandong Taishan","Asian Handicap","2026-03-21 12:00:00"
"sentrybot","35393575","1.255571966","5021204","MATCH_ODDS","0","BACK","Tegevajaro Miyazaki v Roasso Kumamoto","Match Odds","2026-03-21 05:00:00"
"sentrybot","35351323","1.255291261","1205124","MATCH_ODDS","0","BACK","Melbourne Victory v Central Coast Mariners","Match Odds","2026-03-21 06:10:00"
"sentrybot","35379106","1.255398739","5851482","FIRST_HALF_GOALS","0","BACK","Liaoning Tieren v Tianjin Jinmen Tiger","First Half Goals 0.5","2026-03-21 07:30:00"
"sentrybot","35372850","1.255303851","256171","ASIAN_HANDICAP","0","BACK","Southampton v Oxford United","Asian Handicap","2026-03-21 15:00:00"
"sentrybot","35372846","1.255304326","48470","MATCH_ODDS","0","BACK","Sheffield United v Wrexham","Match Odds","2026-03-21 15:00:00"
"sentrybot","35375915","1.255343518","84995278","MATCH_ODDS","0","BACK","Qingdao West Coast v Shenzhen Peng City","Match Odds","2026-03-21 11:35:00"
"sentrybot","35372944","1.255315437","176184","MATCH_ODDS","0","BACK","FC Zurich v Thun","Match Odds","2026-03-21 17:00:00"
"sentrybot","35338086","1.254834673","56299","MATCH_ODDS","0","BACK","Fulham v Burnley","Match Odds","2026-03-21 15:00:00"
"sentrybot","35380203","1.255594349","13305501","MATCH_ODDS","0","BACK","Nashville Predators v Vegas Golden Knights","Moneyline","2026-03-21 18:00:00"
"sentrybot","35349757","1.255010142","44787","MATCH_ODDS","0","BACK","Heidenheim v Bayer Leverkusen","Match Odds","2026-03-21 14:30:00"
"sentrybot","35377224","1.255372661","6542374","MATCH_ODDS","0","BACK","Energie Cottbus v SSV Ulm","Match Odds","2026-03-21 13:00:00"
"sentrybot","35396904","1.255606595","10653342","MATCH_ODDS","0","BACK","HPK v Lukko","Moneyline","2026-03-21 15:00:00"
"sentrybot","35370892","1.255285200","1550828","ASIAN_HANDICAP","0","BACK","Beijing Guoan v Shanghai Shenhua","Asian Handicap","2026-03-21 07:30:00"
"sentrybot","35386975","1.255505811","1196407","ASIAN_HANDICAP","0","BACK","Sydney Kings v Adelaide 36ers","Handicap","2026-03-21 08:05:00"
"sentrybot","35372287","1.255295737","1282860","MATCH_ODDS","0","BACK","Braintree Town v Scunthorpe United","Match Odds","2026-03-21 15:00:00"
"sentrybot","35338087","1.254834489","56343","ASIAN_HANDICAP","0","BACK","Everton v Chelsea","Asian Handicap","2026-03-21 17:30:00"
"sentrybot","35389373","1.255581249","5727460","MATCH_ODDS","0","BACK","Chrudim v Banik Ostrava II","Match Odds","2026-03-21 09:15:00"
"sentrybot","35379703","1.255399773","309689","MATCH_ODDS","0","BACK","Saint-Etienne v Annecy","Match Odds","2026-03-21 19:00:00"
"sentrybot","35373153","1.255311451","69716","MATCH_ODDS","0","BACK","Mansfield Town v Northampton Town","Match Odds","2026-03-21 15:00:00"
"sentrybot","35379747","1.255400130","3351396","MATCH_ODDS","0","BACK","Cracovia Krakow v GKS Katowice","Match Odds","2026-03-21 13:45:00"
"sentrybot","35389373","1.255581249","25130637","MATCH_ODDS","0","BACK","Chrudim v Banik Ostrava II","Match Odds","2026-03-21 09:15:00"
"sentrybot","35377104","1.255369688","5759757","MATCH_ODDS","0","BACK","FC Andorra v Eibar","Match Odds","2026-03-21 15:15:00"
"sentrybot","35379959","1.255407444","12395256","MATCH_ODDS","0","BACK","Narva Trans v Parnu Vaprus","Match Odds","2026-03-21 12:30:00"
"sentrybot","35375955","1.255360463","11801202","MATCH_ODDS","0","BACK","Septemvri Sofia v Arda","Match Odds","2026-03-21 10:30:00"
"sentrybot","35352387","1.255039231","189829","MATCH_ODDS","0","BACK","Nice v Paris Saint-Germain","Match Odds","2026-03-21 20:05:00"
"sentrybot","35375955","1.255360463","20731976","MATCH_ODDS","0","BACK","Septemvri Sofia v Arda","Match Odds","2026-03-21 10:30:00"
"sentrybot","35396128","1.255603325","12273246","MATCH_ODDS","0","BACK","Liaoning Flying Leopards v Beijing Ducks","Moneyline","2026-03-21 11:35:00"
"sentrybot","35396121","1.255605415","8995032","ASIAN_HANDICAP","0","BACK","Zhejiang Golden Bulls v Jilin Northeast Tigers","Handicap","2026-03-21 11:35:00"
"sentrybot","35375992","1.255345193","9645518","MATCH_ODDS","0","BACK","Ayutthaya United v Nakhon Ratchasima FC","Match Odds","2026-03-21 11:00:00"
"sentrybot","35338086","1.254834625","1222344","GOAL_LINES","0","BACK","Fulham v Burnley","Over/Under 3.5 Goals","2026-03-21 15:00:00"
"sentrybot","35375954","1.255344913","21868583","MATCH_ODDS","0","BACK","Levski Sofia v Cherno More","Match Odds","2026-03-21 15:30:00"
"sentrybot","35378420","1.255388455","71387076","MATCH_ODDS","0","BACK","Bragantino v Botafogo FR RJ","Match Odds","2026-03-21 19:00:00"
"sentrybot","35374519","1.255323982","171903","MATCH_ODDS","0","BACK","Toronto FC v Columbus Crew","Match Odds","2026-03-21 17:00:00"
"sentrybot","35378430","1.255387055","198133","MATCH_ODDS","0","BACK","Fluminense v Atletico Mineiro","Match Odds","2026-03-21 21:30:00"
"sentrybot","35378496","1.255388176","5168594","MATCH_ODDS","0","BACK","Al Mokawloon Al Arab v Petrojet","Match Odds","2026-03-21 15:00:00"
"sentrybot","35390845","1.255607788","237485","MATCH_ODDS","0","BACK","Washington Wizards v Oklahoma City Thunder","Moneyline","2026-03-21 21:00:00"
"sentrybot","35379964","1.255416567","10443529","MATCH_ODDS","0","BACK","Nomme United v Tartu JK Tammeka","Match Odds","2026-03-21 10:30:00"
"sentrybot","35372957","1.255307404","55213","MATCH_ODDS","0","BACK","Walsall v Newport County","Match Odds","2026-03-21 15:00:00"
"sentrybot","35373153","1.255311451","5034","MATCH_ODDS","0","BACK","Mansfield Town v Northampton Town","Match Odds","2026-03-21 15:00:00"
"sentrybot","35372183","1.255296407","46283","MATCH_ODDS","0","BACK","Ayr United v Greenock Morton","Match Odds","2026-03-21 15:00:00"
"sentrybot","35377118","1.255370293","13360","MATCH_ODDS","0","BACK","Cadiz v Malaga","Match Odds","2026-03-21 17:30:00"
"sentrybot","35380055","1.255414961","1221385","FIRST_HALF_GOALS","0","BACK","Racing Santander v Albacete","First Half Goals 1.5","2026-03-21 15:15:00"
"sentrybot","35376435","1.255351967","58252361","MATCH_ODDS","0","BACK","Tondela v AVS","Match Odds","2026-03-21 20:30:00"
"sentrybot","35396121","1.255605414","8995032","MATCH_ODDS","0","BACK","Zhejiang Golden Bulls v Jilin Northeast Tigers","Moneyline","2026-03-21 11:35:00"
"sentrybot","35373151","1.255311559","148737","MATCH_ODDS","0","BACK","Lincoln City v Rotherham United","Match Odds","2026-03-21 15:00:00"
"sentrybot","35352380","1.255037729","44794","MATCH_ODDS","0","BACK","Toulouse v Lorient","Match Odds","2026-03-21 16:00:00"
"sentrybot","35351182","1.255019589","2013140","MATCH_ODDS","0","BACK","Juventus v Sassuolo","Match Odds","2026-03-21 19:45:00"
"sentrybot","35372951","1.255309471","48759","MATCH_ODDS","0","BACK","Derby County v Birmingham City","Match Odds","2026-03-21 12:30:00"
"sentrybot","35371650","1.255290367","498543","MATCH_ODDS","0","BACK","Paderborn v Dynamo Dresden","Match Odds","2026-03-21 12:00:00"
"sentrybot","35371651","1.255290216","14075","ASIAN_HANDICAP","0","BACK","Nurnberg v Kaiserslautern","Asian Handicap","2026-03-21 12:00:00"
"sentrybot","35385312","1.255474286","10282851","MATCH_ODDS","0","BACK","Rukh Lviv v LNZ Cherkasy","Match Odds","2026-03-21 13:30:00"
"sentrybot","35375887","1.255343030","7611327","MATCH_ODDS","0","BACK","Benfica v Academico Viseu","Match Odds","2026-03-21 11:00:00"
"sentrybot","35393527","1.255571156","39632858","MATCH_ODDS","0","BACK","Nanjing City v Yanbian Longding","Match Odds","2026-03-21 11:30:00"
"sentrybot","35375887","1.255343040","5851482","FIRST_HALF_GOALS","0","BACK","Lusitania Lourosa v Academico de Viseu","First Half Goals 0.5","2026-03-21 11:00:00"
"sentrybot","35394211","1.255579823","27301411","MATCH_ODDS","0","BACK","Kerala Blasters v Punjab","Match Odds","2026-03-21 14:00:00"
"sentrybot","35376309","1.255363458","5849012","MATCH_ODDS","0","BACK","Peristeri Athens v PAOK BC","Moneyline","2026-03-21 16:15:00"
"sentrybot","35380325","1.255594848","25612","MATCH_ODDS","0","BACK","Minnesota Wild v Dallas Stars","Moneyline","2026-03-21 20:00:00"
"sentrybot","35377258","1.255373368","504779","MATCH_ODDS","0","BACK","Montevideo Wanderers v Danubio","Match Odds","2026-03-21 19:00:00"
"sentrybot","35393499","1.255570976","56616763","MATCH_ODDS","0","BACK","Shijiazhuang Gongfu v Changchun Yatai","Match Odds","2026-03-21 11:30:00"
"sentrybot","35376462","1.255352941","110687","MATCH_ODDS","0","BACK","SC Verl v Saarbrucken","Match Odds","2026-03-21 15:30:00"
"sentrybot","35372473","1.255304812","74303","MATCH_ODDS","0","BACK","Blackburn Rovers v Middlesbrough","Match Odds","2026-03-21 12:30:00"
"sentrybot","35393500","1.255570886","85226388","MATCH_ODDS","0","BACK","Dingnan United v Nantong Zhiyun","Match Odds","2026-03-21 11:30:00"
"sentrybot","35375939","1.255582191","72963249","MATCH_ODDS","0","BACK","Rayong FC v Kanchanaburi","Match Odds","2026-03-21 12:30:00"
"sentrybot","35375936","1.255344423","6250160","MATCH_ODDS","0","BACK","Umraniyespor v Pendikspor","Match Odds","2026-03-21 16:00:00"
"sentrybot","35376178","1.255364682","28212","MATCH_ODDS","0","BACK","AaB v Esbjerg fB","Match Odds","2026-03-21 12:00:00"
"sentrybot","35380095","1.255417244","1221385","FIRST_HALF_GOALS","0","BACK","Hearts v Dundee","First Half Goals 1.5","2026-03-21 15:00:00"
"sentrybot","35373899","1.255318855","8179917","MATCH_ODDS","0","BACK","Leganes v Ceuta","Match Odds","2026-03-21 13:00:00"
"sentrybot","35372301","1.255296131","41998","MATCH_ODDS","0","BACK","Woking v Aldershot Town","Match Odds","2026-03-21 12:30:00"
"sentrybot","35351205","1.255020249","10513040","ASIAN_HANDICAP","0","BACK","Parma v Cremonese","Asian Handicap","2026-03-21 14:00:00"
"sentrybot","35351202","1.255020073","10542","ASIAN_HANDICAP","0","BACK","Elche v Mallorca","Asian Handicap","2026-03-21 13:00:00"
"sentrybot","35351122","1.255018420","44503","MATCH_ODDS","0","BACK","AC Milan v Torino","Match Odds","2026-03-21 17:00:00"
"sentrybot","35379688","1.255399881","4864974","MATCH_ODDS","0","BACK","Troyes v Dunkerque","Match Odds","2026-03-21 13:00:00"
"sentrybot","35350094","1.255008471","44783","MATCH_ODDS","0","BACK","FC Koln v Borussia Monchengladbach","Match Odds","2026-03-21 14:30:00"
"sentrybot","35373899","1.255318858","47972","GOAL_LINES","0","BACK","Leganes v Ceuta","Over/Under 2.5 Goals","2026-03-21 13:00:00"
"sentrybot","35379959","1.255407444","46983","MATCH_ODDS","0","BACK","Narva Trans v Parnu Vaprus","Match Odds","2026-03-21 12:30:00"
"sentrybot","35376514","1.255354301","10782","MATCH_ODDS","0","BACK","Odra Opole v Wisla Krakow","Match Odds","2026-03-21 13:00:00"
"sentrybot","35372290","1.255295629","62505","MATCH_ODDS","0","BACK","Altrincham v Southend United","Match Odds","2026-03-21 15:00:00"
"sentrybot","35375939","1.255582191","7906034","MATCH_ODDS","0","BACK","Rayong FC v Kanchanaburi","Match Odds","2026-03-21 12:30:00"
"sentrybot","35371661","1.255292636","3981030","MATCH_ODDS","0","BACK","Brondby v HB Koge","Match Odds","2026-03-21 13:00:00"
"sentrybot","35376529","1.255354748","2160683","MATCH_ODDS","0","BACK","LKS Lodz v Ruch Chorzow","Match Odds","2026-03-21 13:30:00"
"sentrybot","35373583","1.255320406","729806","MATCH_ODDS","0","BACK","Stenhousemuir v Kelty Hearts","Match Odds","2026-03-21 15:00:00"
"sentrybot","35383930","1.255460327","60307","MATCH_ODDS","0","BACK","Padova v Palermo","Match Odds","2026-03-21 14:00:00"
"sentrybot","35389512","1.255584095","14998691","MATCH_ODDS","0","BACK","Taborsko v Hanacka Slavia Kromeriz","Match Odds","2026-03-21 14:00:00"
"sentrybot","35373167","1.255313663","69746","MATCH_ODDS","0","BACK","Wigan Athletic v Exeter City","Match Odds","2026-03-21 15:00:00"
"sentrybot","35380889","1.255431192","476270","MATCH_ODDS","0","BACK","Club Almagro v Quilmes","Match Odds","2026-03-21 17:00:00"
"sentrybot","35352462","1.255039110","669348","MATCH_ODDS","0","BACK","Auxerre v Brest","Match Odds","2026-03-21 18:00:00"
"sentrybot","35388106","1.255511150","73074439","MATCH_ODDS","0","BACK","Guidonia Montecelio v Vis Pesaro","Match Odds","2026-03-21 13:30:00"
"sentrybot","35383930","1.255460327","522042","MATCH_ODDS","0","BACK","Padova v Palermo","Match Odds","2026-03-21 14:00:00"
"sentrybot","35377195","1.255371692","1358404","MATCH_ODDS","0","BACK","Penafiel v Vizela","Match Odds","2026-03-21 14:00:00"
"sentrybot","35372294","1.255295933","4231683","MATCH_ODDS","0","BACK","Solihull Moors v Halifax Town","Match Odds","2026-03-21 17:30:00"
"sentrybot","35372940","1.255310980","2152","MATCH_ODDS","0","BACK","Dumbarton v Annan Athletic","Match Odds","2026-03-21 15:00:00"
"sentrybot","35373258","1.255321222","10492935","MATCH_ODDS","0","BACK","Ghazl El Mahallah v National Bank of Egypt","Match Odds","2026-03-21 18:00:00"
"sentrybot","35351201","1.255020412","21678","MATCH_ODDS","0","BACK","Levante v Real Oviedo","Match Odds","2026-03-21 17:30:00"
"sentrybot","35383931","1.255460031","501219","MATCH_ODDS","0","BACK","Cesena v Catanzaro","Match Odds","2026-03-21 14:00:00"
"sentrybot","35390840","1.255609003","7379341","ASIAN_HANDICAP","0","BACK","New Orleans Pelicans v Cleveland Cavaliers","Handicap","2026-03-21 23:00:00"
"sentrybot","35378496","1.255388176","6754306","MATCH_ODDS","0","BACK","Al Mokawloon Al Arab v Petrojet","Match Odds","2026-03-21 15:00:00"
"sentrybot","35372850","1.255303894","256171","MATCH_ODDS","0","BACK","Southampton v Oxford United","Match Odds","2026-03-21 15:00:00"
"sentrybot","35352387","1.255039231","489720","MATCH_ODDS","0","BACK","Nice v Paris Saint-Germain","Match Odds","2026-03-21 20:05:00"
"sentrybot","35349613","1.255011681","5851482","FIRST_HALF_GOALS","0","BACK","PEC Zwolle v NAC Breda","First Half Goals 0.5","2026-03-21 20:00:00"
"sentrybot","35385209","1.255473495","4272576","MATCH_ODDS","0","BACK","Briton Ferry Llansawel v Flint Town United","Match Odds","2026-03-21 14:30:00"
"sentrybot","35380086","1.255415146","505982","MATCH_ODDS","0","BACK","Portimonense v Porto II","Match Odds","2026-03-21 18:00:00"
"sentrybot","35377104","1.255369688","247969","MATCH_ODDS","0","BACK","FC Andorra v Eibar","Match Odds","2026-03-21 15:15:00"
"sentrybot","35379780","1.255400775","774893","MATCH_ODDS","0","BACK","Start v Aalesunds","Match Odds","2026-03-21 15:00:00"
"sentrybot","35372850","1.255303851","58943","ASIAN_HANDICAP","0","BACK","Southampton v Oxford United","Asian Handicap","2026-03-21 15:00:00"
"sentrybot","35372965","1.255307080","48001","MATCH_ODDS","0","BACK","Grimsby Town v Barrow","Match Odds","2026-03-21 15:00:00"
"sentrybot","35377559","1.255378211","3413603","MATCH_ODDS","0","BACK","Moreirense v Arouca","Match Odds","2026-03-21 15:30:00"
"sentrybot","35373164","1.255313986","256373","ASIAN_HANDICAP","0","BACK","Port Vale v Bolton Wanderers","Asian Handicap","2026-03-21 15:00:00"
"sentrybot","35373153","1.255311408","69716","ASIAN_HANDICAP","0","BACK","Mansfield Town v Northampton Town","Asian Handicap","2026-03-21 15:00:00"
"sentrybot","35392522","1.255573587","5368712","MATCH_ODDS","0","BACK","Orlando Magic v Los Angeles Lakers","Moneyline","2026-03-21 23:00:00"
"sentrybot","35376438","1.255351872","5875376","ASIAN_HANDICAP","0","BACK","Famalicao v Nacional da Madeira","Asian Handicap","2026-03-21 15:30:00"
"sentrybot","35372295","1.255295838","1034133","ASIAN_HANDICAP","0","BACK","Sutton United v Truro City","Asian Handicap","2026-03-21 15:00:00"
"sentrybot","35395968","1.255592291","2019917","MATCH_ODDS","0","BACK","Huachipato v Deportes Concepcion","Match Odds","2026-03-21 15:00:00"
"sentrybot","35373150","1.255311667","49584","MATCH_ODDS","0","BACK","Leyton Orient v Wycombe Wanderers","Match Odds","2026-03-21 15:00:00"
"sentrybot","35372469","1.255304412","47992","ASIAN_HANDICAP","0","BACK","Hull City v Sheffield Wednesday","Asian Handicap","2026-03-21 15:00:00"
"sentrybot","35373583","1.255320456","729806","ASIAN_HANDICAP","0","BACK","Stenhousemuir v Kelty Hearts","Asian Handicap","2026-03-21 15:00:00"
"sentrybot","35372955","1.255307751","47991","MATCH_ODDS","0","BACK","Shrewsbury Town v Crewe Alexandra","Match Odds","2026-03-21 15:00:00"
"sentrybot","35372959","1.255307296","1282856","MATCH_ODDS","0","BACK","Bromley v Colchester United","Match Odds","2026-03-21 15:00:00"
"sentrybot","35380094","1.255417373","328049","MATCH_ODDS","0","BACK","Falkirk v St Mirren","Match Odds","2026-03-21 15:00:00"
"sentrybot","35372956","1.255307643","56298","MATCH_ODDS","0","BACK","Gillingham v Bristol Rovers","Match Odds","2026-03-21 15:00:00"
"sentrybot","35361583","1.255423633","136344","MATCH_ODDS","0","BACK","Toronto Maple Leafs v New York Islanders","Moneyline","2026-03-17 23:00:00"
"sentrybot","35375634","1.255445734","237481","MATCH_ODDS","0","BACK","New York Knicks v Indiana Pacers","Moneyline","2026-03-17 23:30:00"
"sentrybot","35374306","1.255323156","328699","MATCH_ODDS","0","BACK","Olimpia Asuncion v Sportivo Luqueno","Match Odds","2026-03-17 23:30:00"
"sentrybot","35361599","1.255423530","40119153","ASIAN_HANDICAP","0","BACK","Seattle Kraken v Tampa Bay Lightning","Handicap","2026-03-18 02:00:00"
"sentrybot","35375640","1.255445863","237477","ASIAN_HANDICAP","0","BACK","Milwaukee Bucks v Cleveland Cavaliers","Handicap","2026-03-18 00:00:00"
"sentrybot","35370852","1.255282457","441080","MATCH_ODDS","0","BACK","Urawa Red Diamonds v Kashiwa Reysol","Match Odds","2026-03-18 10:30:00"
"sentrybot","35370656","1.255282348","3455677","MATCH_ODDS","0","BACK","Mito HollyHock v Yokohama F. Marinos","Match Odds","2026-03-18 10:00:00"
"sentrybot","35374964","1.255483481","8839013","MATCH_ODDS","0","BACK","Melbourne City v Adelaide United","Match Odds","2026-03-18 05:30:00"
"sentrybot","35370763","1.255282565","6207339","MATCH_ODDS","0","BACK","Machida Zelvia v Kashima Antlers","Match Odds","2026-03-18 10:30:00"
"sentrybot","35375565","1.255342479","2224159","MATCH_ODDS","0","BACK","Jeonbuk Motors v Anyang","Match Odds","2026-03-18 10:30:00"
"sentrybot","35370656","1.255282351","5851482","FIRST_HALF_GOALS","0","BACK","Mito HollyHock v Yokohama F. Marinos","First Half Goals 0.5","2026-03-18 10:00:00"
"sentrybot","35375572","1.255342354","1221385","FIRST_HALF_GOALS","0","BACK","Pohang Steelers v FC Seoul","First Half Goals 1.5","2026-03-18 10:30:00"
"sentrybot","35375949","1.255351796","5348606","MATCH_ODDS","0","BACK","Bucheon FC 1995 v Gangwon FC","Match Odds","2026-03-18 10:30:00"
"sentrybot","35363525","1.255180969","113125","MATCH_ODDS","0","BACK","Eyupspor v Trabzonspor","Match Odds","2026-03-18 17:00:00"
"sentrybot","35362557","1.255167415","8587663","MATCH_ODDS","0","BACK","SV Ried v LASK Linz","Match Odds","2026-03-18 17:00:00"
"sentrybot","35370769","1.255279640","441082","MATCH_ODDS","0","BACK","Vissel Kobe v Gamba Osaka","Match Odds","2026-03-18 10:00:00"
"sentrybot","35363525","1.255180969","4202656","MATCH_ODDS","0","BACK","Eyupspor v Trabzonspor","Match Odds","2026-03-18 17:00:00"
"sentrybot","35370851","1.255279532","1080507","MATCH_ODDS","0","BACK","Tokyo Verdy v Kawasaki Frontale","Match Odds","2026-03-18 10:00:00"
"sentrybot","35370655","1.255279424","353589","MATCH_ODDS","0","BACK","Cerezo Osaka v Fagiano Okayama","Match Odds","2026-03-18 09:30:00"
"sentrybot","35384823","1.255484231","27046665","MATCH_ODDS","0","BACK","Tianjin Pioneers v Shenzhen Leopards","Moneyline","2026-03-18 11:35:00"
"sentrybot","35370655","1.255279424","5561025","MATCH_ODDS","0","BACK","Cerezo Osaka v Fagiano Okayama","Match Odds","2026-03-18 09:30:00"
"sentrybot","35375374","1.255337309","5352229","MATCH_ODDS","0","BACK","Jeju SK v Ulsan HD","Match Odds","2026-03-18 10:30:00"
"sentrybot","35375572","1.255342329","2479786","MATCH_ODDS","0","BACK","Pohang Steelers v FC Seoul","Match Odds","2026-03-18 10:30:00"
"sentrybot","35370657","1.255282240","350849","MATCH_ODDS","0","BACK","JEF United Chiba v FC Tokyo","Match Odds","2026-03-18 10:00:00"
"sentrybot","35386908","1.255498848","8882733","MATCH_ODDS","0","BACK","KK Borac Cacak v Spartak Subotica","Moneyline","2026-03-18 20:00:00"
"sentrybot","35379831","1.255420609","4399974","MATCH_ODDS","0","BACK","Alba Berlin v BC AEK Athens","Moneyline","2026-03-18 18:00:00"
"sentrybot","35378485","1.255471636","2563344","ASIAN_HANDICAP","0","BACK","Bilbao Basket v Petkim Spor Aliaga","Handicap","2026-03-18 19:00:00"
"sentrybot","35363452","1.255178711","113126","ASIAN_HANDICAP","0","BACK","Alanyaspor v Kocaelispor","Asian Handicap","2026-03-18 13:00:00"
"sentrybot","35366888","1.255216779","48799","MATCH_ODDS","0","BACK","Braga v Ferencvaros","Match Odds","2026-03-18 15:30:00"
"sentrybot","35380423","1.255423170","11168417","MATCH_ODDS","0","BACK","Rekord Bielsko Biala v Sandecja Nowy Sacz","Match Odds","2026-03-18 14:15:00"
"sentrybot","35384823","1.255484231","15945897","MATCH_ODDS","0","BACK","Tianjin Pioneers v Shenzhen Leopards","Moneyline","2026-03-18 11:35:00"
"sentrybot","35367829","1.255234199","5851482","FIRST_HALF_GOALS","0","BACK","Southampton v Norwich City","First Half Goals 0.5","2026-03-18 19:45:00"
"sentrybot","35368485","1.255246292","71387076","MATCH_ODDS","0","BACK","Bahia v Bragantino","Match Odds","2026-03-18 22:00:00"
"sentrybot","35363452","1.255178698","2080777","MATCH_ODDS","0","BACK","Alanyaspor v Kocaelispor","Match Odds","2026-03-18 13:00:00"
"sentrybot","35359700","1.255130874","52480964","MATCH_ODDS","0","BACK","Barcelona v Newcastle United","Match Odds","2026-03-18 17:45:00"
"sentrybot","35378374","1.255481840","36634750","ASIAN_HANDICAP","0","BACK","KK Cibona v KK Dinamo Zagreb","Handicap","2026-03-18 18:00:00"
"sentrybot","35383960","1.255460883","59083052","MATCH_ODDS","0","BACK","Vizela v Estrela Amadora","Match Odds","2026-03-18 15:00:00"
"sentrybot","35376370","1.255358083","20530702","MATCH_ODDS","0","BACK","Avellino v Sudtirol","Match Odds","2026-03-18 19:00:00"
"sentrybot","35380422","1.255423260","5751506","MATCH_ODDS","0","BACK","Gks Jastrzebie v Sokol Kleczew","Match Odds","2026-03-18 14:30:00"
"sentrybot","35376370","1.255358083","4893599","MATCH_ODDS","0","BACK","Avellino v Sudtirol","Match Odds","2026-03-18 19:00:00"
"sentrybot","35381220","1.255432819","40846946","MATCH_ODDS","0","BACK","Al-Kholood v Al-Ittihad","Match Odds","2026-03-18 19:00:00"
"sentrybot","35376494","1.255477242","237488","MATCH_ODDS","0","BACK","Houston Rockets v Los Angeles Lakers","Moneyline","2026-03-19 01:30:00"
"sentrybot","35373285","1.255316825","5727549","MATCH_ODDS","0","BACK","Carrarese v Sampdoria","Match Odds","2026-03-18 19:00:00"
"sentrybot","35383730","1.255464784","6317989","MATCH_ODDS","0","BACK","Internazionale v Benfica","Match Odds","2026-03-18 15:00:00"
"sentrybot","35376494","1.255477098","5368712","ASIAN_HANDICAP","0","BACK","Houston Rockets v Los Angeles Lakers","Handicap","2026-03-19 01:30:00"
"sentrybot","35379827","1.255482173","7749534","MATCH_ODDS","0","BACK","Kauhajoki Karhu Basket v Honka Espoo","Moneyline","2026-03-18 16:30:00"
"sentrybot","35380358","1.255420206","3618587","MATCH_ODDS","0","BACK","Al Wasl v Al Dhafra","Match Odds","2026-03-18 17:30:00"
"sentrybot","35377013","1.255367675","3038746","MATCH_ODDS","0","BACK","Viking v Aalesunds","Match Odds","2026-03-18 17:00:00"
"sentrybot","35371230","1.255280414","893582","MATCH_ODDS","0","BACK","MK Dons v Colchester United","Match Odds","2026-03-18 20:00:00"
"sentrybot","35378447","1.255469072","10231227","ASIAN_HANDICAP","0","BACK","KK Bosna Royal Sarajevo v Falco KC Szombathely","Handicap","2026-03-18 19:00:00"
"sentrybot","35378311","1.255404545","3487243","ASIAN_HANDICAP","0","BACK","Miami Ohio v SMU","Handicap","2026-03-19 01:10:00"
"sentrybot","35369737","1.255256905","27785243","MATCH_ODDS","0","BACK","Inter Miami v Nashville SC","Match Odds","2026-03-18 23:00:00"
"sentrybot","35373285","1.255316825","60311","MATCH_ODDS","0","BACK","Carrarese v Sampdoria","Match Odds","2026-03-18 19:00:00"
"sentrybot","35376611","1.255360843","201327","MATCH_ODDS","0","BACK","Pescara v Virtus Entella","Match Odds","2026-03-18 19:00:00"
"sentrybot","35369735","1.255260696","5383053","MATCH_ODDS","0","BACK","Seattle Sounders v Vancouver Whitecaps","Match Odds","2026-03-19 03:00:00"
"sentrybot","35376491","1.255488823","7379341","MATCH_ODDS","0","BACK","New Orleans Pelicans v Los Angeles Clippers","Moneyline","2026-03-19 00:10:00"
"sentrybot","35359742","1.255132648","5774350","MATCH_ODDS","0","BACK","Bayern Munich v Atalanta","Match Odds","2026-03-18 20:00:00"
"sentrybot","35380355","1.255420015","26550122","ASIAN_HANDICAP","0","BACK","Al-Nasr Dubai v Al Bataeh","Asian Handicap","2026-03-18 17:30:00"
"sentrybot","35361597","1.255472903","25607","MATCH_ODDS","0","BACK","Carolina Hurricanes v Pittsburgh Penguins","Moneyline","2026-03-18 23:00:00"
"sentrybot","35361593","1.255472937","2294077","MATCH_ODDS","0","BACK","Anaheim Ducks v Philadelphia Flyers","Moneyline","2026-03-19 02:00:00"
"sentrybot","35378025","1.255379680","5363620","MATCH_ODDS","0","BACK","Rubio Nu v Cerro Porteno","Match Odds","2026-03-18 21:30:00"
"sentrybot","35376487","1.255489375","6500320","MATCH_ODDS","0","BACK","Brooklyn Nets v Oklahoma City Thunder","Moneyline","2026-03-18 23:30:00"
"sentrybot","35381299","1.255433495","3725113","MATCH_ODDS","0","BACK","Al-Ahli v Al-Hilal","Match Odds","2026-03-18 19:00:00"
"sentrybot","35361594","1.255472599","25602","MATCH_ODDS","0","BACK","Colorado Avalanche v Dallas Stars","Moneyline","2026-03-19 01:30:00"
"sentrybot","35375925","1.255344194","3806543","MATCH_ODDS","0","BACK","Vila Nova v Confianca","Match Odds","2026-03-18 22:00:00"
"sentrybot","35369737","1.255256905","17790476","MATCH_ODDS","0","BACK","Inter Miami v Nashville SC","Match Odds","2026-03-18 23:00:00"
"sentrybot","35368430","1.255242162","11302836","MATCH_ODDS","0","BACK","Palmeiras v Botafogo FR RJ","Match Odds","2026-03-18 22:00:00"
"sentrybot","35369753","1.255257302","816112","MATCH_ODDS","0","BACK","Atletico Bucaramanga v Once Caldas","Match Odds","2026-03-19 00:30:00"
"sentrybot","35369702","1.255261162","94680813","MATCH_ODDS","0","BACK","Internacional de Bogota v Deportivo Pereira","Match Odds","2026-03-18 23:20:00"
"sentrybot","35368540","1.255245554","5851482","FIRST_HALF_GOALS","0","BACK","Vasco da Gama v Fluminense","First Half Goals 0.5","2026-03-19 00:30:00"
"sentrybot","35369741","1.255260588","79351400","MATCH_ODDS","0","BACK","Deportivo Toluca v San Diego FC","Match Odds","2026-03-19 03:00:00"
"sentrybot","35383727","1.255458216","198141","MATCH_ODDS","0","BACK","Mirassol v Coritiba","Match Odds","2026-03-18 23:00:00"
"sentrybot","35368516","1.255244325","361329","MATCH_ODDS","0","BACK","Atletico Mineiro v Sao Paulo","Match Odds","2026-03-18 23:00:00"
"sentrybot","35375927","1.255343998","5326988","MATCH_ODDS","0","BACK","Atletico Goianiense v Ponte Preta","Match Odds","2026-03-18 23:00:00"
"sentrybot","35368580","1.255245740","198127","MATCH_ODDS","0","BACK","Santos v Internacional","Match Odds","2026-03-19 00:30:00"
"sentrybot","35368540","1.255245544","198124","MATCH_ODDS","0","BACK","Vasco da Gama v Fluminense","Match Odds","2026-03-19 00:30:00"
"sentrybot","35369753","1.255257302","7227021","MATCH_ODDS","0","BACK","Atletico Bucaramanga v Once Caldas","Match Odds","2026-03-19 00:30:00"
"sentrybot","35368580","1.255245740","198137","MATCH_ODDS","0","BACK","Santos v Internacional","Match Odds","2026-03-19 00:30:00"
"sentrybot","35369699","1.255256611","328690","MATCH_ODDS","0","BACK","Deportivo Cali v Independiente Santa Fe","Match Odds","2026-03-19 01:30:00"
"sentrybot","35367129","1.255225476","508789","MATCH_ODDS","0","BACK","Kayserispor v Karagumruk","Match Odds","2026-03-19 13:00:00"
"sentrybot","35387914","1.255514249","63566922","ASIAN_HANDICAP","0","BACK","Goyang Skygunners v KCC Egis","Handicap","2026-03-19 10:00:00"
"sentrybot","35378041","1.255404760","284245","MATCH_ODDS","0","BACK","Ohio State v TCU","Moneyline","2026-03-19 16:15:00"
"sentrybot","35367130","1.255225584","482032","MATCH_ODDS","0","BACK","Konyaspor v Genclerbirligi","Match Odds","2026-03-19 17:00:00"
"sentrybot","35371702","1.255291873","1221385","FIRST_HALF_GOALS","0","BACK","Sparta Prague v AZ Alkmaar","First Half Goals 1.5","2026-03-19 20:00:00"
"sentrybot","35385278","1.255473995","238549","MATCH_ODDS","0","BACK","Oleksandria v Dynamo Kyiv","Match Odds","2026-03-19 11:00:00"
"sentrybot","35366709","1.255214911","56967","MATCH_ODDS","0","BACK","Roma v Bologna","Match Odds","2026-03-19 20:00:00"
"sentrybot","35367123","1.255225255","232068","MATCH_ODDS","0","BACK","Besiktas v Kasimpasa","Match Odds","2026-03-19 17:00:00"
"sentrybot","35383332","1.255532638","237486","MATCH_ODDS","0","BACK","Miami Heat v Los Angeles Lakers","Moneyline","2026-03-20 00:00:00"
"sentrybot","35366687","1.255215001","50334","MATCH_ODDS","0","BACK","Real Betis v Panathinaikos","Match Odds","2026-03-19 20:00:00"
"sentrybot","35366922","1.255218814","908335","ASIAN_HANDICAP","0","BACK","AEK Larnaca v Crystal Palace","Asian Handicap","2026-03-19 17:45:00"
"sentrybot","35383328","1.255528292","237474","MATCH_ODDS","0","BACK","Washington Wizards v Detroit Pistons","Moneyline","2026-03-19 23:00:00"
"sentrybot","35366750","1.255215490","10779","ASIAN_HANDICAP","0","BACK","Rayo Vallecano v Samsunspor","Asian Handicap","2026-03-19 20:00:00"
"sentrybot","35366722","1.255215600","502303","ASIAN_HANDICAP","0","BACK","Shakhtar Donetsk v Lech Poznan","Asian Handicap","2026-03-19 20:00:00"
"sentrybot","35366677","1.255215091","44790","MATCH_ODDS","0","BACK","Aston Villa v Lille","Match Odds","2026-03-19 20:00:00"
"sentrybot","35366896","1.255217523","44520","MATCH_ODDS","0","BACK","Freiburg v Genk","Match Odds","2026-03-19 17:45:00"
"sentrybot","35380197","1.255515063","226870","ASIAN_HANDICAP","0","BACK","Columbus Blue Jackets v New York Rangers","Handicap","2026-03-19 23:00:00"
"sentrybot","35366891","1.255217823","64374","MATCH_ODDS","0","BACK","Mainz 05 v Sigma Olomouc","Match Odds","2026-03-19 17:45:00"
"sentrybot","35383332","1.255532494","5368712","ASIAN_HANDICAP","0","BACK","Miami Heat v Los Angeles Lakers","Handicap","2026-03-20 00:00:00"
"sentrybot","35386272","1.255504684","715476","MATCH_ODDS","0","BACK","BYU v Texas","Moneyline","2026-03-19 23:25:00"
"sentrybot","35380193","1.255515346","25594","MATCH_ODDS","0","BACK","Nashville Predators v Seattle Kraken","Moneyline","2026-03-20 00:00:00"
"sentrybot","35373687","1.255327824","63566864","MATCH_ODDS","0","BACK","Olympiakos BC v Baskonia Vitoria Gasteiz","Moneyline","2026-03-19 19:15:00"
"sentrybot","35366750","1.255215440","113124","MATCH_ODDS","0","BACK","Rayo Vallecano v Samsunspor","Match Odds","2026-03-19 20:00:00"
"sentrybot","35380194","1.255515278","25591","ASIAN_HANDICAP","0","BACK","Minnesota Wild v Chicago Blackhawks","Handicap","2026-03-19 23:30:00"
"sentrybot","35366922","1.255218769","5851482","FIRST_HALF_GOALS","0","BACK","AEK Larnaca v Crystal Palace","First Half Goals 0.5","2026-03-19 17:45:00"
"sentrybot","35380196","1.255515239","25596","MATCH_ODDS","0","BACK","Boston Bruins v Winnipeg Jets","Moneyline","2026-03-19 23:00:00"
"sentrybot","35380189","1.255514806","13305501","MATCH_ODDS","0","BACK","Vegas Golden Knights v Utah Mammoth","Moneyline","2026-03-20 02:00:00"
"sentrybot","35366891","1.255217780","50337","ASIAN_HANDICAP","0","BACK","Mainz 05 v Sigma Olomouc","Asian Handicap","2026-03-19 17:45:00"
"sentrybot","35366889","1.255216949","66483","ASIAN_HANDICAP","0","BACK","Lyon v Celta Vigo","Asian Handicap","2026-03-19 17:45:00"
"sentrybot","35380192","1.255514614","25603","MATCH_ODDS","0","BACK","Edmonton Oilers v Florida Panthers","Moneyline","2026-03-20 01:00:00"
"sentrybot","35366890","1.255216658","28220","MATCH_ODDS","0","BACK","Midtjylland v Nottingham Forest","Match Odds","2026-03-19 17:45:00"
"sentrybot","35366889","1.255216900","66483","MATCH_ODDS","0","BACK","Lyon v Celta Vigo","Match Odds","2026-03-19 17:45:00"
"sentrybot","35372953","1.255307967","422179","MATCH_ODDS","0","BACK","Accrington Stanley v Chesterfield","Match Odds","2026-03-21 15:00:00"
"sentrybot","35373148","1.255312270","48444","MATCH_ODDS","0","BACK","Burton Albion v Bradford City","Match Odds","2026-03-21 15:00:00"
"sentrybot","35387622","1.255506483","2145880","ASIAN_HANDICAP","0","BACK","Kings Lynn Town v Curzon Ashton","Asian Handicap","2026-03-21 15:00:00"
"sentrybot","35380055","1.255414950","309089","MATCH_ODDS","0","BACK","Racing Santander v Albacete","Match Odds","2026-03-21 15:15:00"
